1,9.86,14.81,12.68,11.77,1,-4.36,-6.07,-6.03,-4.75,-4.04,-4.1,-4.08,-4.3,-3.51,-3.02,-3.69,-4.08,-2.9,-1.85,-1.95,-2.59,-3.2,-3.69,-4.68,-5.34,-5.5,-5.48,-5.64,-6.16,-6.6,-6.7,-6.7,-6.78,-6.92,-6.85,-8.07,-8.15,-8.46,-8.69,-9.04,-9.11,-9.37,-9.75,-9.64,-9.47,-9.52,-9.39,-9.35,-9.3,-9.5,-9.53,-9.59,-9.97,-9.96,-10.23,-10.11,-10.18,-9.74,-9.55,-9.24,-8.72,-8.31
1,33.68,36.51,20.01,-11.66,-12.46,6.79,29.99,30.66,24.83,21.05,0.82,1.14,1.35,1.22,0.92,1.13,0.33,-1.39,-2.89,-3.39,-3.61,-3.56,-3.88,-4.09,-4.37,-4.89,-5.45,-5.97,-6.3,-6.82,-7.47,-8.09,-8.75,-9.48,-10.26,-10.61,-10.68,-10.48,-10.09,-9.88,-9.82,-10.06,-9.89,-9.78,-10.06,-10.28,-9.97,-9.77,-9.51,-9.38,-9.02,-8.81,-9.14,-9.05,-9.82,-10.16,-10.08,-9.43,-9.02,-8.32,-8.13,-8.69
1,23.9,1.72,-13.61,-10.85,12.3,24.37,14.85,5.62,0.9,-1.41,-0.34,-2.2,-4.87,-6.37,-5.84,-3.04,-4.15,-4.38,-4.19,-4.08,-4.52,-5.46,-6.32,-6.97,-6.98,-6.77,-6.66,-6.61,-7.02,-7.68,-8.09,-8.66,-9.09,-9.45,-9.91,-10.24,-10.24,-10.37,-10.58,-10.71,-10.74,-10.62,-10.55,-10.17,-10.08,-10.21,-10,-9.8,-9.56,-9.75,-10.09,-10.43,-10.79,-10.97,-11.15,-8.55,-8.03,-8.52,-8.65,-8.8,-8.36,-7.83
1,-5.75,0.74,10.25,10.44,16.53,21.25,10.97,-4.07,-10.88,2.93,16.79,13.17,10.77,6.65,-4.27,-3.48,-3.33,-3.05,-1.67,-0.73,-1.36,-2.23,-2.62,-2.6,-2.7,-3.32,-3.84,-3.92,-4.06,-4.27,-4.73,-5.14,-5.43,-5.75,-6.12,-6.39,-6.56,-6.61,-6.57,-6.76,-6.98,-6.98,-7.14,-7.31,-7.44,-7.89,-8.28,-8.55,-8.78,-8.85,-8.99,-9.19,-9.61,-9.84,-10.22,-11.34,-11.63,-11.61,-11.51,-10.98,-10.37,-10.18
1,8.82,-9.37,-4.77,11.58,23.57,17.08,12.14,7.13,-1.01,-5.6,-7.42,-6.43,-4.59,-3.73,-4.22,-1.89,-1.9,-2.25,-2.47,-2.66,-3.17,-3.62,-3.91,-4.17,-4.73,-5.38,-5.67,-5.88,-6.03,-6.19,-6.48,-6.84,-7.22,-7.65,-7.85,-8.1,-8.31,-8.57,-8.74,-9.02,-9.26,-9.21,-9.21,-9.09,-9.02,-9.22,-9.41,-9.8,-10.07,-10.25,-10.61,-10.64,-10.83,-10.87,-10.99,-10.05,-9.81,-9.95,-9.73,-9.94,-10.34,-10
2,13.07,12.76,25.36,38.06,35.89,20.84,4.88,-4.05,22.53,27.47,24.5,20.59,10.62,-0.64,-3.62,-2.62,-2.28,-1.88,-1.61,0.04,0.96,1.18,1.47,1.51,1,0.2,-1.02,-1.81,-1.79,-1.05,-0.35,-0.1,-0.61,-1.64,-2.82,-4.42,-4.96,-5.51,-5.97,-6.14,-6.49,-6.92,-7.89,-8.99,-9.79,-10.16,-10.68,-11.01,-11.35,-11.58,-11.79,-12.49,-13.05,-13.76,-14.17,-14.14,-13.58,-12.99,-12.19,-11.67,-11.05,-10.61
2,-8.25,-0.77,10.41,11.85,35.27,39.94,31.8,-11.26,-10.37,17.36,29.6,27.39,18.62,8.99,-1.57,-4.9,-1.03,2.5,3.31,2.25,0.21,-0.35,0,0.4,2.5,4.69,4.76,3.81,1.58,-0.26,-2.33,-2.84,-3.9,-4.74,-5.3,-5.66,-5.79,-6.03,-6.22,-6.53,-6.83,-7.28,-8.01,-8.72,-9.36,-9.71,-10.26,-10.43,-11.06,-11.4,-11.22,-11.26,-11.56,-12.36,-13.17,-13.72,-13.74,-14.09,-14.17,-13.89,-13.76,-12.76
2,33.93,-36.84,-18.8,18.64,19.36,7.65,8.65,3.56,-6.62,-9.8,-6.86,-3.53,-3.36,-3.17,-1.79,-0.91,-0.55,-0.59,-0.62,-0.67,-1.34,-2.19,-3.17,-3.47,-3.89,-4.2,-4.58,-4.95,-5.1,-5.19,-5.77,-6.42,-7.04,-7.66,-8.48,-9.23,-9.93,-10.15,-10.33,-10.39,-11.94,-12.55,-12.67,-13.27,-13.11,-13.22,-12.9,-12.02,-10.74,-10,-9.14,-8.19,-7.17,-6.19,-5.19,-5.02,-3.92,-3.12,-1.7,-0.74,0.59,1.81
2,14.08,28.83,39.27,32.14,0.7,-36.66,-7.03,24.02,20.73,11.69,-5.07,-3.09,-1.57,-0.67,-1.03,-0.41,-0.49,-0.6,-0.52,-0.79,-1.73,-2.81,-3.3,-3.54,-3.71,-3.66,-3.5,-3.47,-3.63,-4.2,-4.83,-5.76,-6.7,-7.38,-8.01,-8.5,-9.32,-10.05,-10.68,-11.15,-11.62,-12.06,-12.47,-12.89,-13.47,-13.4,-13.32,-12.81,-12.23,-11.59,-9.81,-9.38,-8.88,-8.38,-8,-7.06,-5.71,-4.23,-2.63,-1.22,0.26,1.66
2,0.48,12.72,15.58,27.21,31.84,13.89,12.76,9.3,-1.84,-8.23,-0.38,-0.5,-0.56,-0.31,0.01,0.01,-0.05,-0.62,-1.23,-1.42,-2.7,-2.67,-2.86,-3.34,-4.07,-7.04,-7.53,-7.96,-8.15,-8.26,-10.89,-11.3,-11.53,-11.96,-12.31,-11.18,-10.47,-10.01,-9.45,-8.6,-2.15,-1.25,0.29,1.91,3.02,4.39,4.45,5.46,6.7,8.12,8.2,8.53,8.71,9.06,8.73,3.19,2.6,2.64,3.08,3.43,4.29,4.01
3,-11.56,-9.83,-5.1,6.82,16.54,-6.93,10.14,10.73,6.88,8.72,2.98,-6.76,-9.68,-7.24,-4.69,-3.39,-2.78,-2.34,-2.7,-3.27,-2.75,-1.9,-1.95,-2.91,-3.43,-3.43,-3.4,-3.83,-4.84,-5.42,-6.19,-6.9,-7.44,-7.58,-7.5,-7.68,-8.22,-8.75,-8.96,-8.98,-9.1,-9.8,-9.87,-10.39,-10.72,-13.38,-14.01,-14.08,-14.64,-14.22,-14.29,-13.95,-14.29,-14.23,-14.48,-13.72,-12.28,-11.21,-10.42,-9.66,-9.64,-8.64
3,9.31,0.66,9.53,1.95,4.9,-4.36,-5.08,-2.16,2.33,3.25,0.5,-1.51,-1.97,-1.61,-0.14,0.44,0.64,-0.15,-2.09,-4.76,-6.09,-5.44,-4.06,-3.51,-3.39,-3.31,-3.86,-4.76,-5.64,-6.81,-7.51,-7.86,-8.15,-8.51,-8.82,-9.23,-9.14,-9.04,-8.86,-8.8,-12.25,-13.07,-14.67,-16.02,-16.45,-16.55,-15.61,-14.51,-14.1,-13.97,-13.7,-14.01,-14.15,-14.62,-15.19,-14.72,-13.45,-12.23,-10.68,-9.61,-8.77,-6.74
3,-23.05,12.86,18.94,8.72,8.18,-4.36,-3.21,-2.82,-2.78,-2.95,-2.83,-2.4,-2.9,-3.51,-3.77,-3.81,-3.07,-3.12,-3.93,-5.12,-6.19,-6.56,-6.4,-6.11,-5.87,-5.77,-5.47,-5.83,-6.29,-6.53,-6.9,-7.36,-7.78,-7.78,-7.78,-7.96,-8.23,-8.38,-8.23,-8.19,-8.41,-8.46,-8.54,-8.59,-8.95,-9.44,-10.15,-10.91,-11.37,-11.91,-12.31,-12.65,-13.02,-13.44,-13.81,-14.38,-15.59,-16.79,-17.42,-18.18,-17.38,-16.34
3,-11.25,-11.7,-12.04,-11.31,-6.88,20.84,-16.37,-3.75,13.59,21.21,14.58,14.03,9.35,0.98,-3.54,-3.69,0.81,1.92,3.06,2.78,1.93,0,-0.45,0.97,1.3,0.86,0.32,0.07,-0.31,-0.97,-2.27,-4.14,-5.43,-6.02,-6.02,-6,-5.92,-5.94,-6.19,-6.81,-7.9,-8.32,-9.09,-9.94,-10.78,-11.5,-12.36,-12.71,-12.91,-13.15,-13.62,-14.01,-14.96,-15.3,-15.57,-15.58,-15.14,-14.26,-13.1,-12.16,-11.35,-10.93
3,-14.38,-15.26,-14.66,-11.39,-2.96,-11.22,-30.34,6.16,21.8,15.7,9.13,13.01,1.05,-8.13,-11.85,-7.21,-3.47,-2.04,-1.46,-3.42,-3.71,-2.17,-1.25,-0.59,-1.1,-1.73,-2.77,-3.07,-3.42,-3.66,-6.34,-6.96,-7.58,-8.16,-8.29,-8.2,-8.1,-8.21,-8.27,-8.39,-8.67,-8.95,-9.23,-10.14,-10.88,-12.01,-12.56,-13.05,-13.99,-14.18,-14.72,-14.68,-14.6,-14.37,-14.94,-14.93,-14.55,-13.98,-14.03,-12.71,-7.23,-6.53
4,19.34,-28.99,-29.83,-3.36,15.93,16.28,-0.49,-1.28,-7.41,-11.11,-14.1,-11.85,-6.82,-4.25,-3.59,-2.48,-1.78,-2.1,-3.38,-4.19,-3.7,-3.79,-4.04,-4.58,-4.78,-4.15,-4.23,-4.98,-5.99,-6.76,-7.15,-7.12,-7.15,-7.38,-7.61,-8.02,-8.13,-8.29,-8.41,-8.54,-10.79,-11.33,-11.56,-12.01,-12.44,-12.86,-13.47,-14.03,-14.19,-14,-14,-13.2,-12.16,-10.63,-9.07,-7.96,-6.96,-6.91,-5.98,-5.75,-5.02,-3.22
4,-3.65,5.15,13.03,17.07,21.05,20.43,-11.22,-32.39,-17.83,7.55,13.96,6.73,2.16,-0.96,-7.84,-11.63,-10.8,-6.81,-3.55,-2.07,-1.82,-2.29,-2.71,-3.93,-4.67,-4.55,-4.92,-5.38,-6.01,-6.36,-6.26,-5.98,-5.75,-5.88,-6.17,-6.54,-6.85,-7.12,-7.48,-7.62,-7.64,-7.62,-7.58,-7.73,-7.76,-7.99,-8.53,-9.16,-9.59,-9.95,-10.4,-10.64,-11.27,-11.7,-12.2,-12.79,-13.19,-13.9,-13.89,-14.22,-10.95,-10.09
4,3.16,17.72,17.18,33.33,37.05,9.42,6.51,0.6,-8.92,-13.34,-10.89,-5.87,-1.5,-0.58,-1.48,-2.16,-2.07,-3.25,-4.15,-3.84,-3.33,-3.1,-3.67,-4.16,-3.56,-3.43,-4.15,-4.79,-4.98,-5.07,-4.94,-4.9,-5.45,-6.02,-6.47,-6.75,-6.78,-6.85,-6.97,-6.91,-6.9,-6.94,-7.08,-7.31,-7.52,-7.83,-8.31,-8.76,-9.32,-10.08,-11,-11.72,-12.77,-13.96,-14.76,-15.45,-15.37,-15.41,-15.25,-14.79,-12.98,-12.16
4,32.76,28.99,-10.16,-30.53,-5.35,11.48,8.8,-0.67,0.06,-7.86,-13.89,-13.32,-7.89,-2.76,-1.14,-1.85,-1.56,-1.23,-1.01,-1.64,-1.73,-1.37,-1.74,-2.41,-3.6,-4.22,-4.07,-4.27,-4.9,-5.81,-6.27,-6.31,-6.24,-6.23,-6.43,-6.36,-6.77,-7.32,-7.69,-8.14,-8.74,-9.21,-9.92,-10.25,-10.78,-11.74,-12.78,-13.06,-13.79,-14.35,-14.44,-14.27,-13.89,-14.38,-14.13,-13.86,-13.21,-11.93,-11.63,-10.46,-9.21,-7.62
4,-4.58,10.35,24.91,18.38,34.45,16.36,7.53,-1.25,-2.29,-9.05,-13.69,-11.33,-6.23,-3.53,-4.52,-4.73,-3.53,-2.54,-2.9,-4.06,-3.36,-2.48,-2.7,-2.82,-3.49,-3.83,-3.63,-3.66,-4.05,-4.85,-5.65,-6.44,-6.96,-7.24,-7.5,-7.87,-7.84,-7.89,-8.17,-8.83,-9.26,-9.88,-10.58,-11.06,-11.53,-12.59,-13.04,-12.73,-13.88,-14.87,-14.76,-15.53,-14.62,-14.14,-13.6,-12.72,-10.86,-8.62,-6.11,-4.15,-1.71,0.62
5,28.86,22.68,-0.63,8.75,4.27,9.33,21.99,24.8,25.91,16.25,9.76,5.73,1.98,-1.62,-1.32,-0.37,0.47,1.12,1.67,1.34,2.66,2.79,2.64,2.44,2.15,2.14,1.57,0.88,0.3,-0.02,-0.3,-0.43,-0.55,-0.84,-1.04,-1.29,-1.66,-2,-2.42,-2.95,-3.18,-3.37,-3.65,-3.99,-4.36,-4.86,-5.26,-5.44,-5.55,-5.71,-5.81,-6.1,-6.5,-6.55,-6.9,-7.07,-7.52,-7.8,-8.38,-9.04,-8.99,-8.88
5,-15.36,-9.87,1.12,14.79,22.16,-26.07,-7.83,24.26,30.19,12.64,1.37,-7.7,-10.42,-13.32,-9.38,-8.55,-9.56,-10.2,-9.17,-6.72,-3.63,-1.38,-0.66,-1.06,-1.45,-1.73,-1.86,-1.22,-0.89,-1.06,-1.04,-1.22,-1.64,-1.93,-2.16,-2.53,-2.82,-3.18,-3.34,-3.34,-3.59,-4.13,-4.47,-5.05,-5.32,-5.35,-5.3,-5.53,-6.03,-6.32,-7.81,-7.94,-8.04,-8.05,-7.98,-7.97,-7.94,-7.97,-8.04,-8.23,-8.48,-8.75
5,-9.59,-1.93,13.35,21.85,30.46,35.34,22.44,-17.25,-28.57,-12.98,33.36,30.67,12.97,7.38,0.32,-3.14,-6.03,-4.08,-4.2,-3.74,-3.02,-2.35,-1.62,-0.89,0.27,1.26,1.15,0.55,-0.34,-0.71,-1.59,-2.14,-2.58,-2.93,-3.38,-3.54,-3.76,-3.91,-3.99,-4.19,-4.45,-5.1,-5.39,-5.66,-5.88,-6.32,-6.58,-6.61,-6.83,-6.98,-7.09,-7.26,-7.48,-7.57,-7.68,-7.82,-7.78,-7.91,-8.01,-7.94,-9.64,-10.14
5,-12.12,-9.84,-3.13,8.61,18.24,-23.53,-4.35,22.57,23.96,7.08,-0.73,-3.48,-6.91,-5.4,-5.42,-5.26,-5.31,-5.13,-3.72,-2.41,-1.61,-1.33,-1.16,-1.21,-1.31,-2.4,-2.45,-2.86,-3.36,-3.74,-4.1,-4.52,-4.84,-4.97,-5.06,-5.16,-5.38,-5.81,-5.73,-5.86,-6.03,-6.19,-6.56,-7.02,-7.34,-7.45,-7.51,-7.57,-7.57,-7.66,-7.75,-8.05,-8.43,-8.92,-9.17,-9.4,-9.38,-9.4,-9.75,-10.02,-10.44,-10.63
5,-9.16,-2.66,10.43,21.23,27.34,19.62,25.98,13.9,5.22,4.06,0.95,-1.59,-3.56,-3.94,-4.54,-3.91,-2.59,-1.38,-1.02,-0.97,-0.61,-0.23,0.11,0.04,-0.32,-0.47,-0.58,-1,-1.3,-1.57,-1.8,-2.13,-2.3,-2.46,-2.63,-4.58,-4.9,-5.24,-5.65,-6.04,-6.51,-6.87,-6.87,-7.17,-7.13,-7.19,-7.42,-7.48,-7.65,-7.95,-8.31,-8.92,-9.42,-9.88,-10.03,-10.04,-10.08,-10.05,-10.05,-9.89,-9.55,-9.44
6,-2.92,10.01,26.39,34.86,39.99,25.2,10.93,-17.53,-7.89,-14.21,-15.68,-23.37,-20.96,-17.24,-9.65,-2.43,0.34,1.25,1.39,0.29,-0.39,-0.42,-1.34,-2.5,-3.08,-3.84,-4.43,-4.73,-5.11,-5.39,-5.11,-4.75,-4.93,-5.57,-6.13,-6.68,-7.26,-7.97,-8.22,-8.33,-8.13,-8.04,-8.33,-8.27,-8.65,-9.33,-9.69,-9.77,-9.94,-10.52,-12.79,-13.3,-13.73,-14.3,-14.73,-14.66,-14.45,-14.2,-13.37,-12.71,-11.69,-11.28
6,39.36,39.99,39.99,11.87,-39.99,-8.76,17.33,39.08,5.25,11.18,-9.2,-12.62,-15.41,-16.85,-15.08,-12.04,-5.69,-0.61,-0.44,0.55,2.39,0.31,-2.11,-4.07,-4.95,-6.03,-6.58,-6.67,-6.32,-6.42,-6.92,-7.11,-7.08,-7.34,-7.9,-8.26,-8.47,-8.39,-8.47,-8.53,-8.65,-9.05,-9.72,-10.8,-11.46,-12.17,-12.4,-12.49,-12.51,-13.09,-13.71,-14.1,-14.43,-14.73,-14.7,-14.6,-14.2,-13.51,-12.69,-11.73,-11.43,-11.06
6,-9.66,-0.77,13.6,22.21,28.03,27.71,22.98,6.56,14.66,-9.94,-14.3,-15.68,-18.27,-15.4,-13.24,-6.76,-2.37,-0.45,1.7,2.53,1.77,-0.58,-1.96,-2.02,-1.92,-2.6,-3.57,-3.58,-3.02,-3.11,-3.98,-4.2,-4.13,-3.93,-4.41,-5.77,-6.29,-6.87,-7.43,-7.58,-7.88,-8.17,-8.59,-9.12,-9.47,-9.85,-10.25,-10.93,-11.54,-12.07,-12.45,-13.25,-13.92,-14.65,-14.93,-14.78,-15.11,-15.36,-15.29,-14.52,-13.37,-12.55
6,14.57,28.32,29.49,39.92,39.74,27.35,-7.67,-18.21,-4.75,9.61,33.51,17.33,17.24,7.07,-1.38,-3.13,-1.11,-0.46,1.25,2.68,1.09,-1.15,-2.95,-3.18,-2.87,-2.67,-2.52,-2.45,-3.17,-4.15,-4.9,-5.24,-5.57,-5.49,-5.61,-5.47,-5.24,-5.48,-5.77,-6.28,-6.6,-7.42,-8.22,-9.11,-9.87,-10.58,-11.26,-12.13,-12.65,-12.98,-13.17,-13.78,-14.01,-14.5,-14.31,-12.18,-11.38,-11,-10.74,-9.97,-9.28,-9.16
6,30.86,38.39,32.92,8.81,-21.16,-16.88,9.27,28.86,39.99,20.04,2.86,0.6,-6.45,-12.25,-10.42,-7.99,-4.02,-1.53,-0.52,0.41,-0.09,-0.47,-0.02,0.44,0.35,-0.92,-1.48,-1.27,-0.62,-0.88,-6.01,-6.24,-6.78,-7.1,-7.58,-8.31,-8.99,-9.45,-9.65,-10.1,-10.49,-11.21,-12.03,-12.34,-12.56,-12.77,-13.06,-13.27,-13.13,-13.39,-13.25,-13.24,-13.4,-13.54,-13.99,-13.91,-13.28,-13.22,-12.53,-11.5,-7.98,-7.01
2,7.09,13.91,20.68,21.33,26.95,-9.33,-9.28,-9.26,-9.38,-9.5,-10.13,-9.94,-9.69,-9.74,-9.67,-9.74,-9.77,-9.81,-9.87,-9.96,-10.1,-10.23,-10.19,-10.09,-9.79,-10.57,-10.68,-10.67,-10.39,-10.18,-9.95,-9.81,-10.03,-10.26,-10.66,-10.85,-10.73,-10.64,-10.86,-11.22,-11.19,-11.13,-10.96,-10.68,-10.75,-10.69,-10.4,-10.3,-10,-9.64,-9.18,-9.03,-8.95,-8.66,-8.25,-7.73,-7.8,-7.58,-7.31,-6.9,-6.54,-6.37
2,31.21,36.17,-37.21,7.5,39.99,39.99,39.99,21.06,6.69,3.86,2.09,2.77,7.12,5.77,3.94,0.69,-1.42,-2.29,-2.37,-3.43,-10.24,-10.77,-11.22,-11.65,-11.04,-10.6,-10.06,-9.51,-9,-9.03,-9.28,-9.67,-9.63,-9.79,-9.83,-9.35,-8.93,-8.54,-8.17,-7.84,-7.9,-8.02,-8.46,-9.01,-9.56,-9.67,-9.73,-9.37,-8.96,-8.74,-8.59,-8.6,-8.91,-9.25,-9.63,-9.8,-9.89,-9.68,-9.37,-9.1,-8.98,-8.96
2,10.68,10.78,6.87,2.4,20.96,19.02,-0.59,-8.28,-6.27,-1.87,2.14,1.6,1.59,0.89,1.12,-0.13,-2.1,-4.55,-6.66,-9.2,-10.42,-10.94,-10.51,-9.42,-8.68,-8.55,-8.95,-9.59,-9.73,-9.79,-9.62,-9.23,-8.96,-8.99,-9.25,-9.31,-9.11,-8.97,-9.19,-9.55,-9.76,-9.9,-10.02,-10,-10.04,-9.89,-9.65,-9.78,-9.89,-10.07,-10.1,-10.49,-10.69,-11.2,-11.36,-11.33,-11.21,-10.94,-10.71,-10.84,-11.35,-12.08
2,15.41,21.67,39.99,13.12,8.02,39.99,39.99,18.63,-5.37,8.58,11.77,4.41,-5.6,-6.1,-4.5,-3.74,-2.59,-1.01,-1.54,-3.58,-6.15,-6.23,-6.91,-7.73,-8.5,-9.23,-9.47,-9.43,-9.3,-9.22,-9.08,-8.93,-9,-9.13,-9.41,-9.5,-9.58,-9.75,-9.86,-9.49,-9.05,-8.99,-8.96,-8.97,-9.02,-9.12,-9.25,-9.66,-9.87,-9.75,-9.67,-9.61,-9.52,-9.32,-9.29,-9.43,-9.84,-10.12,-10.42,-10.67,-10.94,-11.38
2,17.49,24.56,5.92,21.63,39.04,39.64,27.4,4.33,-6.23,-1.76,3.27,5.66,-0.18,-0.37,-0.3,1.52,1.22,-0.42,-3.61,-6.41,-7.84,-8.33,-9.11,-9.79,-10.06,-9.94,-9.98,-10.11,-10.09,-9.81,-9.47,-9.16,-9.08,-9.34,-9.52,-9.66,-9.67,-9.42,-9.24,-9.04,-8.95,-8.88,-8.92,-9.01,-9.23,-9.65,-9.68,-9.41,-9.23,-9.22,-9.24,-9.4,-9.54,-9.71,-9.95,-9.36,-9.26,-9.45,-9.97,-10.44,-10.81,-10.91
6,-8.94,-7.1,-5.16,-3,1.61,-9.42,-9.55,-9.59,-9.71,-9.84,-9.81,-9.77,-9.69,-9.64,-9.59,-9.56,-9.84,-9.98,-10.19,-10.21,-10.06,-9.81,-9.5,-9.4,-9.41,-9.56,-9.69,-9.79,-9.66,-9.35,-9.03,-9.06,-9,-9.05,-9.04,-9.12,-9.14,-9.19,-9.31,-9.43,-9.54,-9.51,-9.57,-9.51,-9.43,-9.41,-9.42,-9.55,-9.64,-9.72,-9.72,-9.72,-9.65,-9.5,-9.53,-9.56,-9.7,-9.68,-9.79,-9.75,-9.82,-9.74
6,-3.04,-3,-11.58,10.99,18.24,29.23,12.56,-1.65,-1.81,8.04,9.87,4.98,-1.14,-5.16,-5.86,-5.64,-6.37,-7.37,-8.64,-10.07,-11.24,-11.93,-11.48,-10.79,-10.32,-9.91,-9.6,-9.49,-9.39,-9.46,-9.39,-9.24,-8.98,-8.67,-8.35,-9.33,-8.91,-8.5,-8.41,-8.43,-8.65,-9.06,-9.49,-9.73,-9.62,-9.43,-9.45,-9.58,-10.03,-10.25,-10.53,-10.63,-10.66,-10.92,-11.63,-11.88,-12.29,-12.62,-12.75,-12.66,-13,-12.5
6,0.63,-8.17,-7.88,13.46,20.7,20.99,4.2,-6.03,-6.54,1.92,4.85,3.9,1.62,-0.92,-2.52,-4.3,-6.07,-7.83,-9.01,-9.81,-11.09,-11.25,-11.07,-10.81,-10.15,-9.68,-9.21,-9.08,-9.07,-9.06,-8.99,-8.99,-8.94,-8.92,-8.79,-8.78,-8.78,-8.69,-8.71,-8.75,-8.92,-9.19,-9.62,-10.05,-10.24,-9.92,-9.51,-9.22,-9.15,-9.34,-9.22,-9.17,-9.41,-9.62,-9.98,-10.18,-10.24,-10.41,-11.03,-11.34,-12.07,-12.55
6,12.34,20.41,17.87,4.21,-4.5,-12.19,-7.95,0.95,3.17,3.32,-9,-9.92,-10.58,-10.67,-10.82,-10.85,-10.83,-10.65,-10.34,-10.01,-9.73,-9.67,-9.68,-9.53,-9.45,-9.45,-9.49,-9.59,-9.57,-9.43,-9.28,-9.28,-9.5,-9.59,-9.52,-9.45,-9.3,-9.27,-9.22,-9.49,-9.83,-10.12,-10.35,-10.66,-10.89,-10.73,-10.51,-10.45,-10.51,-10.74,-11.18,-11.4,-11.67,-11.8,-12,-11.92,-12.01,-11.85,-11.74,-11.52,-11.61,-11.72
6,12.88,16.23,2.36,-5.23,-8.05,-1.76,2.48,2.02,0.74,-1.42,-3.77,-5.8,-7.21,-8.29,-9.23,-10.34,-11.09,-11.4,-11.14,-10.62,-9.54,-9.3,-8.92,-8.66,-8.76,-8.87,-8.9,-8.65,-8.57,-8.48,-8.68,-9.2,-9.75,-9.93,-9.67,-9.44,-9.25,-9.19,-9.34,-9.57,-9.87,-10.19,-10.61,-10.71,-10.57,-10.47,-10.25,-10.08,-10.08,-10.17,-10.46,-10.73,-11.23,-11.69,-11.86,-11.82,-11.62,-11.15,-10.76,-10.65,-11.59,-11.39
1,7.15,11.14,16.1,7.84,-8.75,17.6,31.3,34.75,18.78,3.79,-4.29,2.58,5.82,4.1,0.88,-1.42,-2.33,-3.77,-5.26,-7.28,-8.94,-10.71,-11.51,-11.09,-10.59,-9.56,-8.63,-7.79,-7.29,-7.15,-7.27,-7.5,-7.85,-7.78,-8.14,-7.35,-7.46,-7.86,-8.33,-8.87,-9.22,-9.14,-8.8,-8.41,-8.15,-7.99,-8.04,-8.26,-8.74,-9.2,-9.64,-9.6,-9.2,-8.88,-8.77,-8.69,-8.59,-8.78,-9.06,-9.28,-9.37,-9.47
1,8.31,10.01,12.68,10.23,11.14,23.75,11.86,-1.15,-9.53,-3.92,0.36,2.16,-0.67,-3.36,-3.64,-3.48,-3.43,-3.89,-5.22,-6.74,-8.58,-9.74,-10.05,-9.95,-9.39,-8.82,-8.31,-7.93,-8.09,-8.3,-8.53,-8.68,-8.57,-8.37,-8.12,-7.92,-8.09,-8.3,-8.54,-8.97,-8.49,-8.43,-8.58,-8.91,-9.24,-9.5,-9.61,-9.67,-9.4,-9.16,-8.95,-8.79,-9.01,-9.25,-9.32,-9.68,-9.9,-9.83,-9.74,-9.53,-9.39,-9.37
1,6.88,7.82,7.24,5.31,9.63,1.7,-14.5,-5.23,4.75,5.93,1.38,-4.19,-5.32,-4.5,-3.8,-4.49,-5.6,-6.98,-8.2,-9.07,-9.59,-9.27,-8.85,-8.22,-7.62,-7.55,-7.46,-7.63,-7.83,-8.43,-9.23,-9.85,-9.82,-9.09,-8.41,-9.59,-10.11,-9.92,-9.71,-9.17,-8.63,-8.37,-8.36,-8.85,-9.23,-9.53,-9.55,-9.48,-9.35,-9.28,-9.13,-8.95,-8.89,-8.9,-9.07,-9.55,-10.07,-10.36,-10.46,-10.18,-9.64,-9.35
1,4.81,9.96,10.04,11,4.98,20.41,7.24,-4.25,-7.97,-1.5,3.37,2.5,-1.27,-5.09,-7.45,-7.37,-6.65,-6.2,-6.34,-6.78,-6.84,-6.78,-7,-7.09,-7.16,-7.19,-7.19,-7,-7.08,-7.35,-7.5,-7.71,-8.11,-8.69,-9.13,-9.68,-9.82,-9.66,-9.24,-8.88,-8.65,-8.57,-8.51,-8.76,-9.16,-9.1,-9.28,-9.49,-9.64,-9.67,-9.72,-9.78,-9.63,-9.48,-9.25,-9.01,-8.9,-8.91,-8.79,-8.92,-8.9,-8.75
1,2.09,-7.95,-6.21,-5.66,21.21,26.08,27.07,12.25,-2.29,-6.89,1.12,4.41,2.2,-2.28,-5.28,-6.75,-6.9,-6.64,-6.71,-6.92,-6.82,-6.57,-6.42,-6.59,-7.05,-7.53,-8.07,-8.48,-8.92,-9.34,-9.74,-9.68,-9.55,-9.29,-9.04,-8.78,-8.54,-8.44,-8.2,-8.02,-7.84,-7.87,-7.91,-7.85,-7.73,-7.73,-7.72,-7.86,-8.08,-8.23,-8.22,-8.15,-8.17,-8.11,-8.21,-8.3,-8.45,-8.44,-8.5,-8.64,-8.69,-8.79
5,-17.79,2.79,18.37,12.15,13.74,-8.14,-8.14,-8.21,-8.17,-8.19,-8.01,-8.11,-8.06,-8.08,-8.08,-8.05,-7.95,-7.9,-7.92,-7.93,-8.05,-8.07,-8.13,-8.04,-8.02,-7.93,-8.03,-8.01,-8.16,-8.26,-8.21,-8.13,-8.08,-8.08,-8.04,-8.13,-8.19,-8.27,-8.24,-8.25,-8.06,-8,-8.03,-8.04,-8.14,-8.21,-8.17,-8.11,-8.09,-8.02,-8.07,-8.05,-8.12,-8.08,-8.01,-7.96,-7.98,-7.96,-8.02,-7.99,-8.02,-8.13
5,-0.69,2.23,7.11,8.78,10.83,4.86,-7.77,-23.74,-13.96,4.23,22.4,14.63,10.23,-6.09,-6.7,-2.94,1.91,0.54,-3.22,-6.12,-7.8,-8.12,-7.78,-7.1,-6.66,-6.64,-6.8,-7.04,-7.31,-7.55,-7.82,-8.23,-8.57,-8.69,-8.72,-8.67,-8.59,-8.45,-8.3,-8.21,-8.15,-8.22,-8.28,-8.46,-8.51,-8.49,-8.29,-8.14,-8.35,-8.34,-8.47,-8.44,-8.34,-8.1,-8.3,-9.51,-9.33,-9.08,-9.14,-9.07,-9.06,-8.93
5,8.51,12.09,7.45,0.01,-23.44,-4.89,7.29,25.3,13.92,-2.5,-4.53,1.73,3.16,0.69,-1.47,-3.12,-3.85,-5.37,-6.71,-7.42,-7.9,-8.07,-8.18,-8.04,-7.86,-6.46,-6.38,-6.58,-6.7,-7.08,-7.28,-7.48,-7.8,-8.04,-8.11,-8.06,-7.74,-7.39,-7.18,-6.95,-7,-7.1,-7.71,-8.18,-8.59,-8.63,-8.63,-8.31,-8.07,-7.86,-7.93,-7.92,-8.13,-8.44,-8.7,-8.91,-8.98,-9.09,-9.02,-9.01,-8.98,-9.27
5,5.1,6.62,8.26,8.79,7.1,6.66,2.24,-3.44,17.1,21.73,23.86,15.15,5.22,-3.21,-4.95,-0.77,0.96,1.19,-0.94,-4.04,-6,-6.69,-6.62,-6.41,-6.46,-6.9,-7.27,-7.77,-7.55,-7.11,-6.42,-6.13,-5.95,-5.96,-6.11,-7.14,-7.02,-6.93,-6.81,-6.7,-6.57,-6.58,-6.68,-6.89,-7.17,-7.44,-7.59,-7.7,-7.85,-7.93,-7.94,-8.01,-8.02,-8.31,-8.06,-8.05,-8.03,-8.36,-8.62,-8.76,-9.04,-9.16
5,-11.95,7.42,17.32,19.48,10.17,0.14,-10.82,-10.65,-2.29,2.08,1.05,-1.61,-4.97,-6.19,-6.15,-5.7,-6.07,-6.65,-7.04,-6.98,-7.29,-7.39,-7.63,-7.6,-7.71,-7.72,-7.85,-7.62,-7.53,-7.59,-7.79,-8.14,-8.33,-8.48,-8.53,-8.13,-8.31,-8.38,-8.33,-8.35,-8.3,-8.35,-8.4,-8.29,-8.26,-8.18,-8.24,-8.36,-8.72,-8.81,-9.08,-9.31,-9.36,-9.64,-9.77,-9.64,-9.63,-9.56,-9.36,-9.24,-9.14,-8.99
4,1.77,6.27,9.09,9.53,5.25,-7.96,-8.11,-8.34,-8.31,-8.41,-8.06,-8.06,-8.03,-8.04,-7.89,-7.8,-7.56,-7.41,-7.23,-7.23,-7.12,-7.21,-7.18,-7.21,-7.23,-7.28,-7.25,-7.23,-7.23,-7.31,-7.26,-7.28,-7.41,-7.49,-7.66,-7.7,-7.77,-7.8,-7.81,-7.78,-8.03,-8.17,-8.16,-8.12,-8.08,-7.98,-7.98,-7.97,-7.96,-7.98,-7.91,-7.99,-8.02,-7.98,-7.95,-7.92,-8.18,-8.38,-8.6,-8.67,-8.87,-9.36
4,4.08,11.05,12.29,14.53,6.38,-11.29,-26.29,-1.46,12.87,26.76,20.88,-0.85,-6.51,-1.65,0.9,-0.17,-3.12,-4.89,-5.26,-6.6,-7.39,-7.43,-6.77,-6.34,-6.85,-5.62,-5.72,-6.14,-6.45,-6.96,-7.76,-8.35,-9.06,-9.09,-9.02,-8.76,-8.43,-8.15,-7.95,-7.84,-7.97,-8.3,-8.58,-8.75,-8.82,-8.62,-8.46,-8.36,-8.45,-8.43,-8.55,-8.85,-9.1,-9.26,-9.45,-9.73,-9.85,-9.84,-9.8,-9.9,-10.61,-10.78
4,-3.86,-0.99,0.74,3.44,1.34,1.74,11.27,13.3,8.25,1.19,-2.88,-2.7,-2.01,-2.11,-2.48,-3.63,-4.77,-5.46,-5.73,-6.25,-6.85,-7.34,-7.59,-7.54,-7.49,-7.29,-7.1,-6.76,-6.75,-6.92,-7.13,-7.34,-7.52,-7.75,-8.06,-8.65,-8.96,-9.12,-9.1,-8.86,-8.45,-8.63,-8.81,-8.91,-8.91,-8.78,-8.65,-8.74,-8.89,-9.02,-9.12,-9.42,-9.73,-10.14,-10.25,-10.36,-10.36,-10.54,-10.57,-10.69,-10.5,-10.34
4,-6.96,-5.49,-3.52,-1.06,0.55,-0.9,-3.2,3.71,8.99,23.11,17.51,17.94,6.49,0.99,-1.27,-0.67,0.51,0.22,-2.09,-3.88,-5.12,-5.76,-6.2,-6.8,-7.12,-7.16,-7.07,-6.93,-6.43,-5.98,-5.54,-5.41,-5.52,-5.71,-6.12,-7.93,-7.75,-7.48,-7.3,-7.08,-6.85,-6.98,-7.18,-7.71,-8.14,-8.59,-8.71,-8.77,-8.66,-8.49,-8.39,-8.46,-8.52,-8.58,-8.69,-8.71,-8.87,-9.32,-9.75,-10.07,-10.24,-10.1
4,-6.06,-4.14,-0.35,0.7,5.46,3.98,4.39,2.36,1.6,-5.06,-1.78,15.71,31.14,27.34,19.59,4.62,0.2,0.26,1.25,0.46,-6.51,-6.03,-5.92,-6.63,-7.07,-7.35,-6.72,-5.82,-5.28,-5.17,-5.49,-5.77,-6.59,-7.02,-7.58,-8.13,-8.55,-8.77,-8.61,-8.32,-7.96,-7.75,-7.94,-8.15,-8.55,-8.8,-9.08,-9.47,-9.72,-9.88,-9.92,-9.86,-9.73,-9.92,-10.31,-10.95,-10.72,-10.49,-10.15,-9.7,-9.42,-9.46
3,10.63,-15.58,27.37,38.95,34.68,11.22,0.63,2.38,6.52,6.57,0.47,-2.17,-0.75,0.98,0.93,0.99,-0.52,-2.09,-3.89,-5.28,-6.53,-7.23,-7.97,-8.91,-9.68,-7.75,-7.46,-7.39,-7.52,-7.78,-8.47,-8.82,-8.96,-8.45,-7.89,-7.63,-7.77,-8.03,-8.58,-9.1,-9.6,-9.8,-9.76,-9.74,-9.86,-10.03,-10.21,-10.25,-10.31,-10.23,-10.59,-10.82,-11.27,-11.42,-11.07,-10.84,-10.87,-10.76,-11.07,-10.87,-10.19,-9.41
3,12.07,7.94,5.9,10.51,-6.66,-2.14,5.38,7.66,3.32,-1.33,-2.58,-0.78,-0.55,-1,-1.43,-1.48,-2.13,-3.14,-4.26,-5.56,-6.45,-6.6,-7.51,-7.69,-7.89,-8.69,-9.12,-9.99,-10.96,-11.04,-10.63,-9.57,-8.58,-8.01,-8.11,-8.89,-9.03,-9.06,-8.95,-9.07,-9.39,-9.78,-10.21,-10.65,-10.92,-10.8,-10.63,-10.35,-10.68,-10.91,-11.46,-11.7,-11.82,-11.85,-11.4,-11.16,-10.6,-10.66,-10.7,-10.43,-10.53,-10.51
3,3.57,5.47,5.22,-4.09,-1.41,23.3,24.31,21.89,6.34,-8.46,-3.37,-2.44,-2.64,-3.44,-4.16,-4.79,-5.13,-5.61,-6.21,-7.19,-8.73,-9.34,-8.98,-7.76,-6.65,-7.4,-6.74,-5.93,-5.61,-5.61,-5.89,-6.43,-7.17,-7.69,-7.86,-7.37,-6.75,-6.54,-6.43,-6.64,-6.83,-7.43,-7.98,-8.16,-8.04,-7.8,-7.62,-7.64,-7.91,-8.27,-8.72,-9,-9.36,-9.63,-10.11,-10.14,-9.74,-9.53,-9.52,-10.06,-9.43,-9.49
3,4.48,2.96,3.22,-0.81,2.03,20.78,31.45,17.66,0.78,-8.4,-2.31,-3.27,-4.01,-5.01,-6.19,-7.17,-8.21,-8.49,-7.88,-7.18,-6.45,-6.33,-6.84,-7.44,-7.85,-7.55,-7.12,-6.64,-6.44,-6.43,-6.92,-7.8,-8.88,-9.13,-8.71,-8.06,-7.46,-7.24,-7.48,-7.68,-8.02,-8.37,-8.86,-9.39,-9.3,-9.12,-8.69,-8.6,-9.02,-9.46,-9.91,-10.25,-10.48,-10.56,-10.77,-10.76,-10.94,-10.84,-10.48,-10.27,-9.65,-9.35
3,-9.08,12.97,24.2,23.32,7.9,-3.97,1,5.72,5.58,-0.61,-4.75,-6.31,-5.86,-6.56,-7.03,-5.39,-5.64,-5.88,-6.09,-6.18,-6.39,-6.91,-7.76,-8.07,-8.09,-7.91,-7.87,-8.05,-8.28,-8.72,-8.98,-8.95,-8.92,-8.84,-8.94,-9.02,-9.15,-9.21,-9.1,-8.97,-9.93,-9.69,-9.43,-9.06,-9.03,-9.17,-9.42,-9.65,-9.94,-9.94,-9.88,-9.92,-10.05,-10.15,-10.17,-10.32,-10.43,-10.32,-10.35,-10.32,-10.05,-9.97
1,0,-1.32,4.63,22.12,35.22,25.46,28.77,14.24,-0.71,-10.13,-11.93,-11.82,-10.35,-8.86,-7.47,-6.9,-6.53,-6.82,-6.88,-7.18,-7.05,-7.55,-7.55,-7.74,-7.97,-8.32,-8.55,-8.76,-8.78,-8.6,-8.56,-8.43,-8.32,-8.43,-8.47,-8.64,-8.94,-9.36,-9.58,-9.96,-10.12,-10.21,-10.06,-9.86,-9.96,-9.86,-9.75,-9.55,-9.39,-9.32,-9.19,-9.11,-9.2,-9.3,-9.41,-9.72,-9.94,-10.04,-9.83,-9.76,-9.69,-9.57
1,10.56,24.85,32.22,26.32,-35.49,6.64,-7.01,-11.96,-12.92,-8.54,-5.01,-6.66,-8.32,-9.99,-10.6,-9.14,-7.69,-6.29,-5.6,-5.8,-6.24,-7.69,-8.7,-9.82,-10.54,-10.7,-10.69,-10.45,-10.07,-9.86,-9.64,-9.43,-9.06,-8.95,-9.04,-9.05,-9.3,-9.5,-9.6,-9.82,-9.42,-9.39,-9.49,-9.48,-9.4,-9.42,-9.33,-9.24,-9.42,-9.52,-9.64,-9.9,-10.04,-10.26,-10.14,-9.77,-9.67,-9.6,-9.39,-9.22,-9.13,-9.17
1,16.78,31.51,25.06,25.87,8.05,13.56,21.44,19.97,16.97,7.35,-0.49,-5.22,-6.93,-6.1,-5.57,-7.99,-7.85,-7,-6.68,-6.54,-6.87,-7.4,-8.32,-8.88,-9.48,-9.73,-9.55,-9.33,-9.02,-8.7,-8.48,-8.24,-8.42,-8.74,-9.56,-10.12,-10.4,-10.56,-10.63,-10.44,-10.16,-9.88,-9.63,-9.6,-9.52,-9.42,-9.34,-9.54,-9.82,-9.9,-9.36,-9.32,-9.14,-9.16,-9.4,-9.67,-9.74,-9.91,-10.01,-10.35,-10.72,-10.98
1,25.74,31.37,22.99,-11.32,-3.9,7.2,12.06,18.35,5.88,-4.6,-7.28,-1.06,4.51,3.17,2.72,4.57,5.34,4.21,2.46,2.67,2.42,0.24,-1.25,-1.9,-2.11,-1.91,-1.97,-2.87,-4.47,-5.87,-8.69,-9.08,-9.36,-9.38,-9.39,-9.3,-9.23,-9,-8.9,-8.65,-8.42,-8.33,-8.39,-8.5,-8.59,-8.91,-9.28,-9.84,-9.94,-10.35,-10.58,-10.48,-10.37,-9.89,-9.3,-8.79,-8.63,-8.62,-8.9,-9.11,-9.47,-9.86
1,-1.42,-3.93,8.23,28.11,20.61,-4.92,-29.06,12.89,22.35,23.5,20.52,11.77,-1.55,-8.3,-11.99,-10.36,-6.71,-4.22,-4.46,-6.1,-7.87,-8.83,-9.53,-9.48,-9.35,-8.85,-8.93,-8.8,-8.85,-8.48,-8.58,-8.65,-8.58,-8.61,-8.65,-8.95,-9.1,-9.29,-9.18,-9.38,-9.59,-9.84,-9.73,-9.89,-10.04,-10.19,-10.12,-10.05,-9.9,-9.5,-9.16,-8.98,-8.91,-9.26,-9.82,-10.35,-10.91,-11.13,-10.83,-10.7,-10.2,-9.96
5,2.17,-20.5,12.02,19.99,12.47,16.5,12.81,2.17,-7.6,-13.45,-13.36,-8.95,-4.6,-1.98,-1.66,-2.95,-5.06,-6.84,-8.55,-9.34,-9.86,-10.01,-9.84,-9.8,-9.63,-9.64,-9.5,-9.47,-9.44,-9.51,-9.52,-9.44,-9.37,-9.31,-9.44,-9.62,-9.7,-10,-10.23,-10.34,-10.26,-10.22,-10.08,-9.92,-9.77,-9.56,-9.3,-9.09,-9.09,-9.21,-9.62,-10.04,-10.2,-10.19,-10.02,-9.65,-9.31,-8.87,-8.59,-8.56,-10.19,-10.04
5,2.8,7.88,0.85,-8.67,-8.59,18.17,20.68,23.3,18.03,7.28,-4.68,-9.84,-11.87,-10.66,-7.5,-6.65,-6.45,-7.57,-8.22,-8.64,-8.77,-8.8,-8.21,-8.26,-8.23,-8.44,-8.5,-8.54,-8.68,-8.74,-8.88,-8.84,-9.01,-8.84,-8.85,-9.01,-9.11,-9.15,-9.33,-9.46,-9.48,-9.23,-9.15,-9.08,-8.95,-9.02,-9.18,-9.2,-9.43,-9.74,-9.94,-10.19,-10.2,-10.06,-10.09,-10.12,-9.93,-9.94,-10.13,-10.02,-9.76,-9.62
5,3.98,16.85,26.48,29.97,-38.57,12.3,2.74,-6.2,-12.28,-12.09,-9.56,-7.36,-6.35,-6.74,-7.04,-7.67,-8.23,-8.58,-8.63,-8.23,-8.05,-8.1,-7.96,-8.15,-8.27,-8.49,-8.51,-8.47,-8.54,-8.51,-8.44,-8.39,-8.38,-8.41,-8.55,-8.81,-8.85,-9.11,-9.38,-9.37,-9.63,-9.74,-9.98,-10.14,-10.13,-10.08,-10.11,-9.9,-9.76,-9.32,-9.92,-10.04,-10.01,-9.93,-9.55,-9.34,-9.2,-9.33,-9.36,-9.47,-9.59,-9.67
5,0.08,18.58,22.72,21.64,-13.38,4.93,26.52,19.77,17.71,7.29,-4.98,-9.61,-11.77,-8.21,-4.65,-2.92,-2.88,-4.14,-6.36,-8.48,-9.3,-9.67,-9.71,-9.54,-9.16,-9.12,-9,-8.99,-8.94,-9.03,-8.63,-8.56,-8.36,-8.13,-7.99,-8.14,-8.04,-8.15,-8.07,-8.2,-9.01,-9.15,-9.31,-9.3,-9.28,-9.35,-9.37,-9.41,-9.53,-9.88,-10.16,-10.06,-10.08,-9.83,-9.66,-9.48,-9.32,-8.96,-8.85,-8.71,-8.71,-8.89
5,-35.95,-11.48,26.63,25.8,23.99,19.68,7.6,-5.38,-11.39,-11.54,-8,-4.59,-3.22,-3.37,-4.06,-5.2,-6.78,-7.69,-8.65,-9.14,-9.13,-8.69,-8.28,-8.14,-7.96,-7.86,-7.87,-7.88,-7.91,-8,-8.07,-8.07,-8.16,-8.23,-8.39,-8.45,-8.55,-8.58,-8.64,-8.82,-8.79,-8.92,-8.91,-9.06,-9,-9.04,-9.07,-9.15,-9.24,-9.31,-9.36,-9.52,-9.45,-9.48,-9.73,-9.87,-10.12,-10.18,-10.2,-10.28,-10.14,-10.23
5,-36.07,-11.11,19.44,23.51,27.98,18.03,2.7,-7.75,-10.36,-6.82,-2.81,-2.23,-4.09,-5.88,-7.05,-7.38,-7.52,-7.69,-7.5,-7.63,-7.51,-7.39,-7.19,-7.06,-6.99,-7.01,-6.94,-7.1,-6.85,-7.06,-7.05,-7.21,-7.4,-7.53,-7.78,-7.87,-7.93,-8.1,-8.32,-8.49,-9.14,-9.19,-9.26,-9.36,-9.6,-9.78,-10.02,-10.11,-10.12,-10.05,-10.06,-10.1,-10.31,-10.24,-9.94,-9.55,-9.4,-9.13,-9.08,-9.31,-9.71,-10.13
5,5.34,17.39,27.67,17.34,11.68,13.56,2.24,-3.01,-7.86,-7.16,-6.41,-6.36,-6.17,-5.8,-6.64,-8.81,-9.36,-9.52,-9.26,-8.28,-7.42,-6.95,-6.84,-7.13,-7.5,-7.84,-8.36,-8.3,-8.28,-8.21,-8.48,-8.56,-8.71,-8.85,-8.97,-9.11,-9.27,-9.58,-9.54,-9.63,-9.71,-9.62,-9.64,-9.54,-9.54,-9.58,-9.69,-9.68,-9.78,-9.72,-9.67,-9.87,-10.24,-10.46,-10.88,-11.12,-10.99,-10.76,-10.44,-10.16,-9.85,-9.59
2,-18.39,9.5,31.62,29.6,23.82,9.02,1.54,-6.51,-8.06,-4.47,-3.02,-2.06,-2.66,-3.62,-5.31,-6.51,-7.5,-8.18,-8.57,-8.74,-8.84,-8.92,-8.93,-9.04,-8.98,-9.03,-8.9,-8.71,-8.55,-8.48,-8.51,-8.5,-8.55,-8.76,-8.78,-8.96,-9.19,-9.48,-9.65,-9.77,-11.05,-11.62,-12.53,-13.02,-13.33,-13.37,-13.33,-13.27,-13.48,-13.6,-13.9,-14.16,-14.37,-14.1,-13.86,-13.55,-13.3,-13.03,-12.4,-11.47,-10.64,-10.12
2,-4.57,-0.97,0.24,-0.62,-0.7,8.39,18.23,22.29,7.27,-39.67,3.18,-5.26,-7.89,-6.3,-3.35,-2.67,-3.16,-2.73,-2.32,-2.25,-3.27,-4.59,-5.71,-6.57,-6.95,-7.25,-7.36,-7.26,-7.12,-6.99,-6.9,-6.85,-6.77,-6.79,-6.89,-6.98,-7.25,-7.53,-7.94,-8.28,-8.77,-8.9,-9.29,-9.89,-10.32,-10.6,-10.9,-11.27,-11.75,-12.08,-12.3,-12.28,-11.97,-11.87,-11.77,-11.77,-11.56,-11.54,-11.48,-11.5,-11.58,-11.39
2,39.42,38.26,-37.28,2.98,35.25,24.97,27.66,18.43,3.03,-9.03,-12.78,-11.18,-7.98,-5.01,-1.65,-0.87,-1.81,-3.5,-5.81,-6.73,-7.09,-6.74,-6.62,-6.75,-6.6,-6.54,-6.95,-7.01,-7.35,-7.67,-7.56,-7.83,-7.81,-7.87,-7.97,-7.95,-7.93,-7.98,-8.24,-8.18,-8.7,-9.02,-9.16,-9.53,-9.73,-10.05,-10.2,-10.32,-10.49,-10.83,-11.09,-11.35,-11.6,-11.98,-12.15,-12.35,-12.26,-12.33,-12.44,-12.43,-12.34,-12.22
2,12.53,23.83,17.5,-1.12,-25.68,18.97,31.93,22.37,24.95,15.03,-0.31,-8.17,-9.92,-8.64,-5.1,-2.18,0.12,0.56,-1.86,-4.47,-6.33,-7.22,-7.11,-6.83,-6.52,-7,-6.93,-6.94,-6.97,-6.94,-7.12,-7.36,-7.64,-8.01,-8.47,-8.78,-9.05,-9.31,-9.42,-9.53,-12.2,-12.4,-12.19,-11.96,-11.69,-11.38,-11.08,-11.17,-10.87,-10.93,-11.07,-11.14,-11.26,-11.06,-10.96,-10.64,-10.24,-10.16,-9.91,-9.16,-8.79,-8.26
2,16.19,15.37,15.34,-22.18,-39.99,-17.61,18.29,22.94,17.03,11.84,0.66,-8.95,-14.78,-16.13,-13.44,-7.74,-8.73,-8.81,-8.49,-8.71,-8.56,-8.35,-7.94,-7.62,-7.41,-7.58,-7.54,-7.89,-8.07,-8,-8.06,-8.23,-8.37,-8.65,-9.02,-8.83,-8.92,-8.99,-8.76,-8.77,-8.81,-8.74,-8.66,-8.78,-8.8,-8.81,-8.92,-9.04,-9.06,-9.14,-9.71,-9.89,-10.43,-10.94,-11.75,-12.55,-13.08,-13.56,-13.93,-14.36,-14.45,-14.25
6,33.43,39.99,39.99,22.58,-30.05,12.39,30.62,38.56,39.78,24.11,-3.13,-1.9,-1.14,-1.93,-3.17,-4.97,-6.63,-7.69,-8.81,-9.36,-9.68,-9.39,-9.16,-9.09,-8.67,-8.38,-8.01,-7.78,-7.76,-7.76,-8.01,-8.1,-8.39,-8.64,-8.96,-9.04,-9.26,-9.52,-9.44,-9.41,-9.48,-9.37,-9.54,-9.92,-10.16,-10.54,-11.49,-12.51,-13.46,-14.29,-15.61,-15.3,-14.74,-14.11,-13.42,-12.78,-12.4,-12.23,-12.09,-11.37,-11.09,-10.67
6,0.06,3.4,1.33,1.57,14.87,33.65,26.16,3.91,-29.53,7.64,21.56,17.32,20.19,13.1,-0.73,-8.88,-13.32,-9.61,-4.08,-0.57,-5.75,-6.26,-6.59,-7.08,-7.18,-7.3,-7.29,-7.26,-7.32,-7.51,-7.65,-7.83,-8.06,-8.21,-8.27,-8.52,-8.82,-9.12,-9.37,-9.4,-9.46,-9.46,-9.42,-9.38,-9.37,-11.76,-12.56,-12.96,-13.33,-13.52,-14.03,-14.35,-14.18,-13.72,-13.61,-13.13,-12.71,-12.11,-12.09,-11.89,-11.64,-11.33
6,5.51,1.99,14.12,21.54,22.87,20.76,10.69,-2.39,-10.05,-10.75,-9.12,-6.65,-4.96,-4.11,-3.72,-3.94,-4.42,-5.01,-5.43,-5.74,-6,-6.21,-6.21,-6.35,-6.35,-7.16,-7.27,-7.41,-7.66,-7.83,-8.04,-8.06,-8.1,-8.02,-8.1,-7.91,-7.9,-7.81,-7.8,-7.72,-7.87,-8.13,-8.21,-8.39,-8.49,-8.71,-8.57,-8.52,-8.51,-8.37,-8.38,-8.34,-8.45,-8.59,-8.65,-8.83,-8.88,-9.01,-9.26,-9.35,-9.39,-9.48
6,0.09,3.54,10.52,13.92,15.66,-30.16,-39.99,-13.62,9.69,16.32,18.58,14.33,5.97,-4.3,-11.89,-14.4,-12.38,-7.97,-5.59,-5.38,-9.12,-9.7,-9.91,-9.54,-9.06,-8.69,-8.34,-8.12,-8.01,-8.26,-8.53,-8.89,-9.26,-9.35,-9.44,-9.31,-9.12,-9.01,-8.78,-8.52,-8.34,-8.32,-8.3,-8.68,-8.89,-9.19,-9.27,-9.31,-9.17,-9.04,-8.97,-8.86,-8.79,-8.97,-9.13,-9.77,-10.33,-10.7,-11.19,-11.65,-12.42,-12.27
6,36.82,39.99,30.5,32.9,-39.99,-7.76,-7.74,-7.92,-7.95,-8.18,-8.34,-8.6,-8.83,-9.04,-9.34,-9.39,-9.41,-9.38,-9.3,-9.32,-9.23,-9.29,-9.48,-9.46,-9.49,-9.52,-9.44,-9.29,-9.07,-9.21,-9.39,-9.61,-9.85,-10.1,-10.41,-10.83,-11.35,-11.83,-11.99,-11.93,-11.79,-11.52,-11.56,-11.76,-11.92,-10.78,-10.48,-10.12,-10.13,-9.44,-4.55,-4.32,-4.21,-3.82,-3.75,-3.32,-3.37,-3.29,-2.89,-2.94,-2.69,-2.63
6,11.43,-39.46,-0.17,31.04,28.71,28.44,19.69,6.66,-4.96,-9.72,-9.51,-6.71,-4.11,-2.15,-1.38,-1.92,-3.19,-4.45,-5.73,-6.71,-7.52,-7.95,-8.27,-8.43,-8.21,-7.05,-7.15,-7.29,-7.52,-7.83,-8,-8.12,-8.19,-8.32,-8.48,-8.56,-8.72,-8.91,-8.96,-9.24,-9.25,-9.37,-9.39,-9.44,-9.64,-9.94,-10.55,-11,-11.26,-11.94,-13.85,-13.36,-12.84,-12.46,-12.45,-11.82,-11.85,-11.59,-11.56,-11.16,-8.72,-8.4
4,0.22,5.15,5.19,-1.35,2.1,37.32,20.43,17.31,16.45,6.71,-3.07,-9.7,-14.08,-12.65,-8.5,-3.94,-2.13,-1.96,-3.18,-5.31,-8.05,-8.07,-8,-8.1,-8.07,-8.06,-8.14,-8.14,-8.2,-8.21,-8.42,-8.46,-8.74,-8.83,-8.92,-9.01,-8.95,-9,-9.15,-9.35,-9.66,-9.79,-9.93,-10.24,-10.67,-11.08,-11.15,-11.1,-11.13,-11.26,-11.4,-11.48,-11.61,-11.53,-11.53,-11.54,-11.35,-11.27,-11.13,-10.98,-10.79,-10.77
4,8.55,23.28,27.24,22,14.17,9.47,12.58,5.56,-1.98,-6.92,-10.48,-10.65,-7.61,-5.02,-3.47,-3.15,-4.01,-4.32,-5.21,-5.55,-5.86,-6.43,-6.85,-7.28,-7.71,-7.64,-7.6,-7.68,-7.86,-8.02,-8.31,-8.52,-8.78,-8.96,-9.08,-9.2,-9.13,-9.13,-9.2,-9.37,-9.49,-9.86,-10.03,-10.08,-10.21,-10.36,-10.61,-10.8,-10.99,-11.31,-11.44,-11.46,-11.39,-11.45,-11.48,-11.26,-11.33,-11.39,-11.28,-11.23,-11.16,-11.21
4,34.92,27.8,17.15,18.87,37.66,23.87,21.78,10.54,-2.47,-7.3,-7.75,-7.46,-4.3,-0.11,3.14,-6.94,-7.23,-7.83,-7.57,-7.57,-7.71,-7.6,-7.46,-7.12,-7.03,-7.08,-7.14,-7.05,-7.41,-7.72,-8,-8.24,-8.33,-8.41,-8.49,-8.52,-8.46,-8.51,-8.57,-8.74,-9.15,-9.36,-9.75,-10.14,-10.39,-10.28,-10.34,-10.31,-10.19,-10.1,-10,-10.14,-10.46,-10.91,-11.04,-10.98,-10.95,-10.86,-11.1,-11.22,-11.39,-11.5
4,2.03,-0.04,1.94,9.38,16.93,21.27,1.72,-31.21,-3.19,31.35,24.8,20.72,16.23,6.38,-2.79,-7.9,-9.93,-9.04,-7.88,-5.8,-4.32,-3.35,-3.84,-4.69,-5.93,-6.88,-7.08,-7.65,-7.22,-7.51,-7.3,-7.36,-7.48,-7.66,-7.62,-7.85,-7.96,-8.11,-8.25,-8.3,-8.34,-8.47,-8.65,-8.7,-8.8,-8.88,-9.02,-9.02,-8.94,-9.01,-9.04,-8.96,-8.88,-8.97,-9.39,-9.56,-9.95,-10.37,-10.62,-10.85,-10.82,-10.94
4,17.08,26.67,20.39,-20.43,-5.88,3.9,-6.3,-10.25,-10.43,-9.43,-7.74,-5.92,-4.63,-4.31,-4.65,-5.75,-6.57,-7.01,-7.06,-6.72,-6.4,-6.35,-6.51,-6.61,-6.63,-6.56,-6.66,-6.68,-6.56,-6.66,-6.69,-6.79,-7.03,-7.05,-7.32,-7.56,-7.72,-8.09,-8.46,-8.67,-9.41,-9.57,-9.67,-10.11,-10.48,-10.73,-10.97,-11.19,-11.25,-11.13,-10.95,-10.69,-10.47,-10.36,-10.26,-10.36,-10.4,-10.48,-10.52,-10.61,-10.88,-10.98
4,39.99,25.27,30.62,-39.99,-14.5,12.53,30.57,33.41,22.1,8.61,-6.32,-13.06,-12.5,-7.84,-1.5,2.25,3.77,3.36,0.82,-1.62,-7.74,-8.01,-8.02,-8.29,-8.27,-8.25,-8.4,-8.71,-9.04,-9.18,-9.28,-9.35,-9.36,-9.68,-9.74,-9.77,-9.78,-9.68,-9.48,-9.41,-9.49,-9.76,-10.1,-10.56,-11.13,-11.74,-12.26,-12.84,-13.55,-14,-14.42,-14.14,-13.97,-13.74,-13.4,-13.33,-12.88,-12.66,-12.38,-12.39,-11.89,-11.67
3,8.73,4.35,-38.63,-5.23,23.91,20.42,20.09,19.23,10.63,-0.46,-8.67,-12.44,-10.9,-9.32,-7.61,-10.1,-10.61,-10.96,-10.97,-10.78,-10.69,-10.2,-9.74,-9.52,-9.31,-8.96,-8.87,-9.01,-9.15,-9.26,-9.28,-9.21,-9.2,-9.18,-9.22,-9.23,-9.26,-9.41,-9.56,-9.55,-9.45,-9.52,-9.47,-9.48,-9.56,-9.73,-9.9,-9.99,-10.26,-10.49,-10.6,-10.88,-10.96,-11.27,-11.33,-11.56,-11.63,-11.82,-12.01,-11.99,-12.12,-12.14
3,-5.85,-2.48,0.42,0.32,2.63,15.91,39.38,39.99,39.99,39.6,26.59,16.75,3.31,-7.9,-12.85,-13.02,-10.98,-7.65,-4.85,-3.58,-3.6,-4.37,-5.71,-6.88,-8.18,-8.87,-9.45,-9.66,-9.51,-9.48,-9.27,-9.06,-8.86,-8.57,-8.49,-8.28,-8.39,-8.48,-8.99,-9.22,-8.95,-8.86,-9.03,-9.32,-9.65,-9.94,-10.14,-10.19,-10.21,-10.32,-10.47,-10.79,-11.25,-11.72,-11.86,-11.95,-11.91,-12.09,-12.24,-12.74,-12.94,-12.89
3,11.46,21.1,17.24,3.73,-18.83,8.6,2.09,-3.38,-6.88,-9.2,-10.72,-9.61,-6.86,-4.53,-3.4,-3.47,-4.17,-5.33,-6.47,-7.25,-7.74,-8.02,-8.03,-8.07,-8.03,-8.14,-8.1,-8.17,-8.12,-7.99,-8.05,-7.81,-7.87,-7.74,-7.68,-7.7,-7.76,-7.89,-8.13,-8.39,-8.7,-8.86,-8.92,-8.96,-8.91,-9.36,-9.53,-9.64,-9.8,-9.92,-9.95,-10.1,-10.2,-10.23,-10.46,-10.7,-11.03,-11.19,-11.39,-11.77,-12.1,-12.32
3,5.07,4.79,10.72,21.32,33.35,5.07,4.79,10.72,21.32,33.35,36.26,27.86,5.97,-37.36,-30.91,17.05,34.89,29.57,22.18,13.89,2.7,-5.99,-7.44,-6.84,-4.64,-2.13,-1.03,-0.6,-0.69,-2.33,-7.84,-7.72,-7.76,-7.68,-7.35,-7.11,-7.22,-7.16,-7.38,-7.55,-7.8,-8.07,-8.3,-8.52,-8.68,-8.91,-9.09,-9.52,-9.83,-10.03,-10.09,-10.21,-10.29,-10.41,-10.38,-10.57,-10.76,-10.62,-11.03,-11.09,-11.11,-11.15
3,2.43,3.45,13.27,24.92,38.61,39.99,39.71,21.24,-39.99,-30.53,16.82,33.02,32.75,22.33,13.66,2.96,-4.75,-6.11,-6.4,-5.13,-6.72,-7.27,-7.39,-7.38,-7.23,-7.32,-6.97,-6.97,-7.07,-6.92,-7.04,-7.06,-7.22,-7.18,-7.27,-7.53,-7.87,-8.51,-8.95,-9.29,-9.64,-9.68,-9.71,-9.79,-9.89,-10.12,-10.19,-10.49,-10.67,-11.21,-11.38,-11.45,-11.61,-11.67,-11.6,-11.51,-11.58,-11.51,-11.75,-12.13,-12.4,-12.53
3,-3.26,2.63,6.96,4.43,-7.12,-19.25,-9.99,9.6,25.25,17.85,17.08,19.06,14.24,2.17,-5,-4.74,-3.52,-0.63,2.41,3.54,0.06,-0.69,-1.01,-1.05,-0.77,-0.47,-0.57,-0.77,-1.27,-1.78,-2.27,-2.82,-3,-3.37,-3.92,-4.26,-4.73,-5.2,-5.57,-5.72,-6.55,-6.41,-6.73,-6.82,-7.18,-7.05,-7.14,-7.07,-7.07,-7.05,-7.23,-7.51,-7.76,-8.11,-8.44,-9.58,-9.69,-9.97,-10.22,-10.56,-10.95,-11.68
1,-10.24,-10.56,-10.78,-10.55,-9.18,18.07,15.21,6.24,-1.97,-6.18,-8.69,-8.97,-6.69,-4.4,-3.73,-4.79,-5.63,-5.75,-5.39,-4.87,-4.55,-4.54,-4.42,-4.4,-4.61,-5.35,-5.82,-5.97,-5.88,-5.81,-5.92,-6.15,-6.05,-6.15,-6.51,-9.57,-9.63,-9.65,-9.94,-10.09,-10.36,-10.85,-10.96,-11.17,-11.47,-11.58,-11.74,-11.87,-11.51,-11.06,-10.66,-10.52,-10.29,-10.4,-10.27,-10.19,-10.1,-9.96,-9.92,-9.67,-9.12,-9.05
1,-10.71,-11.73,-13.69,-15.74,-17.03,0.61,1.2,0.58,-0.89,-1.4,-1.45,-1.49,-1.63,-1.2,-1.14,-1.06,-1.08,-1.57,-1.82,-1.92,-2.2,-2.66,-2.9,-3.36,-3.72,-3.89,-4.21,-4.39,-4.64,-4.83,-4.9,-4.87,-5.4,-5.61,-5.94,-6.72,-6.65,-6.9,-6.96,-7.15,-7.36,-7.47,-7.39,-7.36,-7.38,-7.7,-8.19,-8.5,-8.75,-8.74,-8.75,-8.67,-8.72,-8.77,-9.02,-10.78,-11.13,-11.38,-11.35,-11.36,-10.95,-10.76
1,-10.17,-2.22,12.3,22.83,24.02,21.74,17.1,26.54,27.74,21.6,8.88,0.82,0.12,1.3,3.38,3.22,1.38,1.77,4.22,5.49,5.37,4.72,3.79,2.82,1.38,0.24,0.03,0.11,0.15,-0.49,-1.59,-2.47,-3.38,-3.51,-4.04,-4.67,-5.29,-5.7,-6.07,-6.53,-7.65,-7.75,-7.92,-7.99,-8.23,-8.78,-9.05,-9.33,-9.64,-9.92,-10.04,-10.16,-10.22,-10.24,-10.23,-10.44,-10.79,-11.4,-11.75,-11.73,-11.71,-11.21
1,7.79,29.07,29.93,39.99,37.14,3.69,-28.02,-18.98,6.66,32.26,23.98,25.53,20.66,9.31,5.32,2.71,4.39,4.54,3.64,2.4,1.05,-0.09,-0.87,-0.34,-0.44,-0.54,-0.74,-1.13,-1.89,-2.7,-3.32,-3.85,-4.17,-4.47,-4.28,-4.74,-5.24,-5.6,-6.19,-6.31,-7.2,-7.58,-7.71,-8.08,-8.14,-8.24,-8.16,-8.33,-8.57,-8.93,-9.03,-9.74,-10.61,-10.82,-10.82,-10.77,-10.63,-10.62,-10.67,-10.83,-11.36,-11.76
1,-0.24,16.27,19.66,30.29,37.52,29.68,-6.34,-36.37,-5.8,22.88,-13.42,-7.01,-2.59,-2.59,-3.58,-2.84,-1.3,-0.22,0.06,0.1,-0.14,-0.87,-1.26,-1.65,-1.65,-1.45,-1.48,-1.64,-1.91,-2.22,-2.66,-2.99,-3.18,-3.4,-3.52,-3.5,-3.59,-3.66,-3.79,-3.62,-3.83,-4.26,-4.87,-5.49,-5.98,-8.39,-9.13,-9.48,-9.9,-10.26,-10.4,-10.61,-10.92,-10.95,-11.1,-11.16,-11.04,-11.05,-10.91,-10.71,-10.72,-10.75
1,14.77,20.23,32.4,39.99,36.89,-6.32,-33.26,6.29,38.58,23.38,10.25,3.48,-6.69,-10,-10.02,-9.6,-7.42,-4.76,-3.98,-3,0.53,0.2,-0.05,-0.19,-0.46,-0.25,-1.14,-1.71,-2.75,-3.44,-3.94,-4.31,-4.35,-4.32,-4.22,-4.11,-4.13,-4.46,-4.69,-4.85,-5.29,-5.54,-5.6,-5.93,-6.22,-6.3,-6.49,-6.86,-7.08,-7.42,-7.77,-8.2,-8.65,-8.86,-9.06,-11.08,-11.34,-11.53,-11.67,-11.78,-11.74,-11.56
2,17.29,31.66,33.61,4.69,-19.23,-18.16,19.36,20.72,13.3,-3.63,-13.58,-11.66,-6.04,-2.42,-1.45,-2.68,-3.53,-3.89,-3.9,-3.71,-3.61,-3.36,-2.96,-2.28,-2.38,-3.39,-4.37,-4.82,-5.06,-5.33,-5.23,-5.59,-5.92,-6.53,-7.13,-9.27,-9.71,-10.29,-11,-11.11,-11.46,-11.97,-12.42,-12.61,-12.73,-12.57,-12.94,-13.06,-13.11,-12.74,-12.35,-11.79,-11.57,-11.08,-10.75,-10,-9.57,-9.29,-8.84,-8.7,-8.62,-8.86
2,10.89,-16.45,-23.67,16.72,22.47,18.21,6.83,-8.18,-13.21,-9.58,-4.92,-2.44,-1.71,-1.82,-1.74,-0.98,-1.07,-1.3,-1.74,-2.39,-3.11,-2.89,-2.44,-2.83,-3.74,-4.55,-4.65,-4.84,-4.76,-4.85,-4.88,-5.27,-5.85,-6.29,-6.79,-6.97,-7.15,-7.25,-7.28,-7.31,-7.34,-7.5,-7.67,-7.72,-7.66,-9.59,-10.03,-10.74,-11.02,-11.17,-11.03,-10.92,-11.06,-11.2,-11.41,-11.82,-12.04,-12.33,-12.8,-13.05,-13.34,-13.31
2,-9.14,-3.54,6.82,19.12,19.85,34.18,39.92,25.52,-17.25,-33.92,-14.71,-13.51,-6.03,-1.08,-0.31,-1.58,-2.86,-3.34,-2.98,-2.84,-2.96,-2.91,-2.55,-2.15,-1.92,-1.7,-1.71,-1.5,-1.84,-2.67,-3.21,-3.65,-3.99,-4.52,-5.01,-6.17,-6.5,-6.95,-7.49,-7.48,-7.72,-8.09,-8.59,-9.31,-9.98,-10.74,-11.36,-11.83,-11.95,-12.11,-12.01,-12.35,-13,-13.37,-13.42,-13.19,-13.16,-12.98,-12.45,-12.07,-11.83,-11.85
2,39.99,39.99,-5.2,-32.99,15.05,32.87,23.8,12.56,-6.19,-17.08,-13.88,-4.54,-0.45,0.5,-0.88,-0.96,-0.25,0.32,0.59,0.47,-0.18,-0.5,-0.8,-1.08,-0.96,-1.26,-1.66,-2.18,-2.49,-3.07,-3.47,-3.93,-4.17,-4.44,-4.67,-5.9,-6.03,-6.33,-6.58,-7.07,-7.55,-8.05,-8.66,-8.93,-9.52,-9.73,-9.9,-10.28,-10.9,-11.69,-12.05,-12.38,-12.25,-12.16,-11.99,-11.81,-11.64,-11.79,-11.91,-12,-11.69,-11.17
2,34.42,39.99,39.99,-22.84,-39.99,-2.29,29.05,25.88,5.46,1.35,-6.34,-12.01,-11.14,-7.47,-5.01,-3.85,-2.01,-0.72,-0.49,-0.36,-0.06,0.36,-0.07,-0.99,-0.86,-0.8,-0.55,-0.83,-0.98,-0.64,-3.42,-3.56,-3.6,-3.62,-4.07,-4.52,-4.75,-5.01,-5.32,-5.95,-6.44,-7.23,-8.18,-9.1,-10.2,-10.96,-11.33,-11.58,-11.91,-12.14,-12.36,-12.5,-12.52,-12.3,-12.25,-11.99,-11.95,-11.58,-11.17,-10.88,-5.99,-5.39
5,10.22,23.65,32.93,39.99,22.16,-35.12,-11.35,27.12,31.6,12.6,-1.17,-12.32,-11.31,-7.51,-4.54,-3.67,-4.49,-2.75,-0.88,-0.81,-1.24,-1.89,-2.4,-1.77,-1.22,-2.05,-2.87,-3.11,-2.94,-2.71,-3.15,-3.85,-4.75,-5.69,-6.47,-5.69,-5.77,-6.1,-6.8,-7.5,-7.98,-9.24,-9.62,-9.91,-10.34,-10.46,-10.64,-10.91,-11.17,-11.29,-11.18,-11.18,-11.29,-11.4,-11.43,-10.93,-11.06,-10.92,-10.52,-10.38,-10.37,-10.44
5,10.06,14.91,26.81,27.26,13.75,-21.66,-27.78,13.11,23.09,19.13,7.4,-6.83,-14.99,-13.48,-8.78,-4.94,-3.11,-3.31,-3.65,-3.12,-2.97,-2.81,-2.48,-2.36,-2.57,-3.07,-3.38,-3.86,-4.54,-5.16,-5.69,-5.8,-6.02,-6.14,-6.39,-6.35,-6.57,-6.88,-7.28,-7.59,-7.83,-8.12,-8.8,-9.36,-9.63,-9.81,-9.71,-9.91,-10.27,-10.4,-10.73,-10.94,-11.18,-11.33,-11.7,-12.19,-12.41,-12.34,-12.18,-11.59,-10,-9.6
5,21.22,28.38,36.12,20.77,-35.9,-6.6,-14.54,-16.94,-12.61,-8.77,-5.59,-4.74,-4.54,-3.31,-2.55,-2.46,-2.39,-1.69,-1.2,-1.75,-2.3,-2.62,-2.83,-3.21,-3.43,-4.91,-5.26,-5.61,-5.79,-5.96,-6.35,-6.82,-7.17,-7.47,-7.65,-7.71,-7.9,-7.78,-7.71,-7.71,-7.51,-7.33,-7.57,-7.96,-8.4,-8.83,-9.27,-10,-10.67,-11.18,-11.54,-11.53,-11.42,-11.4,-11.6,-11.7,-12,-12.48,-12.43,-12.2,-11.94,-11.49
5,-9.61,-9.25,-7.28,-0.33,8.8,-32.03,-0.43,20.47,13.65,8.72,0.89,-8.29,-13.73,-13.07,-8.37,-5.21,-3.68,-3.65,-3.49,-2.83,-2.68,-2.96,-3.57,-3.58,-3.76,-4.55,-4.83,-5.16,-5.42,-5.8,-6.26,-6.53,-6.76,-7.05,-7.35,-7.55,-7.76,-7.66,-7.72,-7.84,-8.02,-8.11,-8.36,-8.53,-8.94,-9.29,-9.55,-9.8,-9.94,-9.71,-9.66,-9.62,-9.78,-10.02,-10.26,-10.69,-11.18,-11.43,-11.62,-11.55,-11.57,-11.37
5,-10.63,-11.19,-0.19,6,7.93,3.12,-0.63,-2.74,-6.99,-9.61,-9.63,-6.67,-3.98,-2.63,-2.43,-2.87,-3.36,-3.84,-4.05,-3.38,-2.94,-2.99,-3.36,-3.53,-3.45,-3.09,-2.95,-2.95,-3.51,-4.03,-5.76,-5.85,-6.18,-6.38,-6.73,-7.13,-7.1,-7.18,-7.03,-7.03,-7.04,-7.23,-7.68,-8.05,-8.4,-8.73,-9.08,-8.98,-9.24,-9.58,-9.86,-10.37,-10.76,-11.02,-11.2,-11.3,-11.28,-11.17,-11.2,-11.38,-11.73,-12.12
5,24.14,34.68,37.85,16.17,-17.25,-19.16,-21.64,-11.08,-6.98,-6.18,-6.91,-6.46,-4.2,-2.67,-2.34,-3.08,-3.43,-3.29,-3.22,-3.37,-3.72,-4.03,-4.32,-4.4,-4.68,-4.89,-5.29,-5.78,-6.55,-6.47,-6.08,-6.18,-6.34,-6.59,-6.95,-8.78,-8.47,-8.41,-8.62,-9.12,-9.38,-9.84,-10.23,-10.03,-9.86,-9.66,-9.7,-9.73,-9.95,-10.19,-10.86,-11.26,-11.8,-12.01,-12.1,-11.58,-11.15,-10.7,-10.65,-10.7,-10.59,-10.55
5,-5.05,2.56,10,18.83,23.87,17.69,-7.56,-31.54,-11.45,14.79,16.17,7.14,-4.28,-12.35,-13.14,-12.49,-9.83,-8.4,-7.24,-5.78,-2.76,-3.11,-3.51,-3.97,-4.35,-4.52,-4.77,-5.02,-5.35,-5.61,-6.02,-6.3,-6.49,-6.52,-6.3,-6.3,-6.51,-6.65,-6.46,-6.71,-7.09,-7.42,-7.8,-8.21,-8.65,-9.05,-9.43,-9.64,-9.56,-9.57,-9.73,-9.68,-9.53,-9.79,-9.92,-10.94,-10.78,-10.76,-10.63,-10.86,-11.05,-11.18
5,-8.89,-3.39,10.09,16.28,8.15,1.98,-6.29,-15.75,-13.06,-7.82,-5.99,-5.08,-3.7,-2.32,-1.63,-1.61,-1.75,-1.87,-1.91,-2.25,-3.78,-4.15,-4.29,-4.45,-4.63,-4.79,-4.8,-5.16,-5.59,-5.76,-4.79,-4.8,-5.16,-5.59,-5.76,-6.62,-6.72,-6.69,-6.75,-6.88,-7.15,-7.4,-7.46,-7.7,-7.79,-7.81,-8.22,-8.43,-8.64,-9.01,-9.47,-9.89,-10.29,-10.45,-10.61,-10.95,-11.1,-11.22,-11.42,-11.71,-11.75,-11.48
6,11.38,-17.89,-22.45,15.07,22.24,-5.82,-3.93,-3.48,-3.22,-2.55,-1.86,-1.97,-2.81,-3.1,-3.04,-3.17,-3.12,-2.91,-2.91,-2.68,-2.82,-3.41,-4.09,-4.45,-4.93,-4.74,-5.01,-5.32,-5.43,-5.15,-5.13,-5.43,-5.87,-6.27,-6.44,-6.6,-6.64,-6.56,-6.44,-6.65,-6.66,-6.62,-6.77,-7.07,-7.49,-7.72,-7.92,-8.06,-8.47,-8.84,-11.84,-12.38,-12.93,-13.41,-13.62,-13.96,-14.25,-14.82,-15.09,-14.7,-14.21,-13.75
6,-1.13,9.2,14.39,30.02,39.99,39.99,-6.75,-20.4,24.59,37.98,25.73,14.76,-3.45,-16.3,-19.78,-2.99,-0.87,0.56,0.99,0.95,0.15,-0.23,-0.52,-0.95,-1.38,-1.66,-2.06,-2.74,-3.24,-3.59,-3.95,-4.28,-4.36,-4.49,-4.36,-5.64,-5.96,-6.39,-6.67,-7.01,-7.3,-7.53,-7.54,-7.53,-7.74,-8.02,-8.5,-9.16,-9.54,-9.79,-10.01,-10.39,-10.52,-10.88,-11.36,-11.56,-11.84,-12.4,-12.99,-13.48,-14.22,-15.34
6,22.16,29.6,25.54,-1.56,-21.47,-20.53,17.41,22.44,15.93,7.66,-3.82,-3.35,-3.69,-3.78,-3.13,-2.57,-2.44,-2.83,-2.73,-2.56,-2.79,-3.03,-3.23,-3.41,-3.68,-3.9,-4.09,-4.16,-4.52,-4.93,-5.35,-5.63,-5.87,-6.21,-6.42,-6.56,-6.6,-6.71,-6.78,-6.95,-7.03,-7.2,-7.32,-7.65,-8.21,-11.63,-12.63,-14.16,-15.01,-15.35,-14.95,-14.58,-14.23,-14,-14.05,-14.09,-14.02,-13.88,-13.4,-12.47,-11.86,-11.19
6,-8.97,-6.47,0.19,9.16,15.48,-2.06,17.22,16.93,9.27,0.01,-9.94,-13.93,-12.87,-8.56,-6.76,-5.74,-5.73,-5.41,-4.46,-3.73,-3.81,-4.12,-3.97,-3.64,-3.28,-3.43,-3.74,-4.15,-4.63,-5.29,-5.97,-6.41,-6.75,-6.94,-6.99,-7.27,-7.27,-7.38,-7.4,-7.57,-7.81,-7.99,-8.25,-8.49,-8.79,-9.15,-9.53,-9.66,-9.73,-9.7,-9.77,-10.28,-10.53,-11.09,-11.61,-11.92,-12.39,-12.85,-13.26,-13.32,-13.42,-12.92
6,-5.63,3.74,11.84,18.58,28.48,27.07,1.87,-25.68,-24.39,16.49,-11.54,-7.5,-5.09,-4.07,-4.15,-4.24,-3.96,-3.68,-3.09,-2.68,-2.56,-2.2,-1.8,-1.29,-0.85,-1.15,-1.61,-2.22,-2.94,-3.88,-4.47,-4.37,-4.39,-4.22,-4.05,-4.05,-3.97,-3.99,-4.16,-4.85,-5.65,-6.24,-6.57,-6.99,-7.4,-7.54,-8.15,-8.71,-9.15,-9.42,-9.76,-10.17,-10.76,-11.32,-11.84,-12.05,-12.19,-12.34,-12.19,-12.11,-12.09,-11.86
6,-9.86,-7.92,-3.01,7.15,14.46,24.16,25.88,12.7,-25.22,-25.46,-2.72,15.56,13.09,4.21,-5.25,-11.47,-11.03,-10.77,-8.81,-4.76,-1.85,-1.63,-1.21,-1.44,-1.99,-2.25,-2.39,-2.24,-2.18,-1.94,-2.08,-2.64,-3.22,-3.42,-3.85,-4.04,-4,-3.84,-3.85,-3.87,-5.43,-5.58,-5.7,-5.69,-5.83,-6,-6.1,-6.56,-6.79,-7.18,-7.5,-7.94,-8.4,-9.01,-9.53,-10.15,-10.96,-11.27,-11.97,-12.85,-13.47,-14.11
3,3.08,10.8,16.85,20.91,18.48,-3.23,-22.17,-32.05,2.57,16.77,-10.27,-7.48,-6.14,-5.39,-4.79,-4.55,-4.53,-4.41,-4.53,-4.55,-4.44,-4.36,-4.46,-4.53,-4.6,-4.71,-4.99,-5.36,-5.8,-6.21,-6.47,-6.49,-6.77,-6.98,-7.04,-7.08,-7,-7.1,-7.43,-7.96,-8.35,-8.4,-8.24,-8.12,-8.44,-8.85,-9.16,-9.49,-10,-10.38,-12.01,-11.98,-12.07,-12.18,-12.25,-12.7,-13.29,-13.69,-13.9,-14.33,-14.65,-14.76
3,-0.93,8.1,13.87,12.85,13.64,12.52,5.84,6.28,-2.61,-8.02,-8.07,-6.08,-4.55,-4.13,-3.85,-3.57,-3.27,-3.66,-4.08,-4.24,-4.27,-4.21,-3.94,-3.37,-2.8,-2.48,-2.57,-3.28,-4.23,-4.92,-5.09,-4.92,-4.84,-4.95,-5.26,-5.58,-5.95,-6.09,-6.26,-6.15,-6.56,-6.43,-6.64,-6.83,-6.85,-10,-10.46,-10.55,-10.51,-10.67,-11.08,-11.56,-12.17,-12.3,-12.06,-12.36,-12.74,-12.75,-12.74,-12.46,-12.56,-12.34
3,9.37,17.15,16.17,19.2,2.44,-22.54,-29.79,-6.13,15.08,13,-5.07,-4.12,-3.91,-3.22,-3.14,-3.11,-2.98,-2.74,-2.32,-1.69,-1.66,-1.91,-2.36,-2.6,-2.44,-2.12,-1.99,-1.98,-2.62,-3.28,-3.75,-3.9,-3.74,-3.87,-4.38,-4.84,-5.07,-5.26,-5.55,-6.02,-6.69,-7.05,-7.28,-7.35,-7.09,-6.94,-7.6,-7.66,-7.96,-8.35,-9.34,-9.63,-9.61,-9.52,-9.64,-10.19,-10.69,-11.42,-11.89,-12.07,-12.09,-11.61
3,18.85,22.64,7.62,-27.69,-38.01,3.35,25.5,10.18,1.81,-3.58,-8.49,-10.67,-9.3,-6.37,-5.29,-5.64,-5.3,-4.52,-3.47,-3.09,-3.51,-3.51,-3.18,-2.72,-2.73,-2.52,-2.32,-2.23,-3.12,-3.85,-4.24,-4.17,-4.05,-4.16,-4.72,-6.91,-7.2,-7.23,-7.39,-7.41,-7.39,-7.37,-7.53,-7.83,-8.28,-8.46,-8.64,-8.73,-8.87,-9.42,-9.99,-10.46,-11.04,-11.37,-11.38,-11.65,-11.84,-12.34,-12.99,-13.33,-13.48,-13.26
3,-14.62,-18.51,2.32,13.72,7.96,9.56,10.02,2.67,-1.32,-2.15,-3.43,-4.11,-3.9,-3.02,-1.32,-0.31,-0.18,-0.33,0.1,0.52,0.29,0.27,0.53,0.52,0.5,-0.27,-0.92,-1.36,-1.57,-1.56,-2.59,-3.13,-3.75,-4.32,-4.7,-4.81,-4.52,-4.29,-4.22,-4.27,-4.71,-5.28,-5.62,-5.93,-6.02,-6.15,-6.47,-7.19,-8.04,-8.24,-8.64,-8.66,-9.19,-9.67,-9.92,-10.15,-10.42,-10.83,-11.41,-11.91,-12.53,-13.19
3,-0.78,12.69,21.91,33.53,27.87,-15.25,-24.35,7.92,23.83,17.82,-4.18,-4.06,-3.42,-2.41,-1.88,-0.61,1.11,1.14,0.76,0.89,0.6,0.5,0.29,0.28,-0.32,-1.06,-1.73,-2.38,-3.57,-4.48,-4.96,-4.57,-4.57,-4.7,-5.33,-5.67,-6.06,-6.62,-6.99,-7.52,-7.49,-7.77,-8.17,-8.61,-8.83,-8.84,-8.77,-9.12,-9.34,-10.01,-13.17,-13.04,-12.72,-12.58,-12.91,-13.46,-14.13,-14.73,-14.28,-13.88,-13.15,-12.45
4,11.47,15.82,23.24,21.05,-2.58,-22.56,-0.56,11.5,12.92,10.37,13.86,-1.35,-8.73,-8.47,-5.1,-3.4,-3.61,-4.06,-4.44,-4.38,-4.46,-4.76,-4.86,-4.14,-2.98,-3.29,-3.81,-4.71,-5.05,-5.28,-5.36,-5.39,-5.6,-5.86,-6.17,-6.29,-6.29,-6.11,-5.74,-5.87,-5.84,-5.94,-6.25,-6.92,-7.48,-8.29,-8.5,-8.81,-9.5,-9.99,-10.32,-10.62,-11.21,-11.69,-12.26,-13.1,-13.75,-13.86,-14.1,-14.16,-14.25,-13.87
4,8.69,8.91,5.42,-0.54,-10.43,3.65,-5.95,-8.55,-7.25,-5.05,-3.81,-3.46,-4.32,-4.73,-5.2,-5.46,-5.29,-5.02,-4.6,-4.2,-3.78,-3.39,-3.34,-3.59,-4.11,-4.9,-5.15,-5.13,-4.86,-5,-5.28,-5.5,-5.54,-5.61,-5.8,-5.77,-5.61,-5.3,-4.98,-4.85,-5.34,-5.56,-6.11,-6.53,-6.81,-6.96,-7.05,-7.12,-7.47,-7.67,-8.01,-8.37,-8.74,-9.1,-9.41,-9.5,-9.72,-9.97,-10.04,-10.15,-10.13,-10.21
4,2.61,8.57,12.78,16.23,14.34,-7.82,-24.54,-15.72,11.75,14.15,11.96,5.94,-8.46,-11.43,-11.23,-4.43,-3.88,-3.61,-3.77,-3.81,-3.64,-3.33,-3.1,-3.05,-3.75,-4.33,-5.07,-5.34,-5.54,-5.6,-5.97,-6.12,-6.34,-6.28,-6.21,-6.28,-6.32,-6.58,-6.64,-6.9,-6.92,-7.05,-6.95,-7.13,-7.12,-7.07,-7.17,-7.29,-7.9,-8.41,-9.07,-9.87,-10.82,-11.54,-12.28,-12.88,-13.3,-13.27,-12.74,-12.43,-12.23,-12.2
4,-12.56,-13.11,-12.08,-8.27,1.15,-31.01,-35.15,11.67,27.87,10.59,6.92,-0.16,-9.48,-13.77,-11.01,-8.11,-6.4,-5.64,-4.87,-3.65,-2.83,-2.44,-2.42,-2.57,-2.27,-2.27,-2.42,-2.82,-3.31,-3.68,-4.14,-4.42,-4.64,-4.87,-5.28,-5.52,-5.76,-5.69,-5.7,-5.6,-5.64,-6.08,-6.17,-6.26,-6.26,-6.56,-6.63,-6.9,-7.35,-7.69,-9.8,-10.17,-10.33,-10.42,-10.69,-11.08,-11.58,-11.87,-12.08,-12.18,-12.33,-12.34
4,-7.9,-1.32,9.67,12.3,14.25,8.71,3.76,1.64,-1.76,-7.99,-10.71,-9.2,-7.7,-5.87,-5.05,-4.65,-4.74,-4.6,-4.8,-5,-5.03,-4.83,-4.79,-4.43,-4.38,-4.53,-4.75,-5.02,-5.53,-6.03,-6.23,-6.53,-6.74,-6.78,-6.75,-7.24,-7.41,-7.35,-7.4,-7.39,-7.53,-7.67,-8.02,-8.12,-8.39,-8.75,-9.08,-9.55,-10.38,-11.16,-11.78,-11.85,-11.65,-11.64,-11.68,-11.7,-11.97,-12.44,-13.04,-13.25,-13.56,-13.87
4,-1.49,6.46,11.6,18.08,15.54,-6.36,-25.57,-25.56,1.4,10.15,7.31,5.09,-0.06,-8.79,-11.37,-9.59,-7.81,-5.54,-4.5,-4.85,-5.7,-5.36,-4.73,-4.16,-4.21,-4.83,-5.75,-6.33,-6.87,-6.95,-7.05,-6.96,-7.31,-7.65,-8.08,-8.35,-8.34,-8.2,-8.28,-8.35,-8.38,-8.41,-8.45,-8.64,-8.79,-9.27,-9.63,-9.92,-10.11,-10.33,-10.5,-11.17,-11.79,-12.35,-12.9,-14.65,-14.53,-14.13,-13.54,-13.21,-12.76,-12.45
